movie_title,gross_total_in_thousand_dollars,gross_opening_wknd_in_thousand_dollars,production_budget_in_thousand_dollars,genre_cat,sequel_remake,adaptation,MPAA_rating,star_power,director_power,release_date,release_period,trailer_release_date,trailer_uncertainty,news_volume,reddit_comments,reddit_posts,news_valence,search_volume
Dungeons & Dragons: Honor Among Thieves,"$93,277,026","$37,205,784","$150,000,000",Action,0,1,0,1,0,31/3/23,Jan-Apr,21/7/22,0,607,6879,14,0.35,30.5
The Equalizer 3,"$92,373,751","$34,604,229","$70,000,000",Action,1,1,1,1,0,1/9/23,Sep-Oct,25/4/23,0,436,810,6,0.07,26
Anyone But You,"$88,319,668","$6,000,344","$25,000,000",Comedy,0,0,1,1,0,22/12/23,Nov-Dec,16/7/23,0,158,811,6,-0.03,46.5
The Nun II,"$86,267,073","$32,603,336","$38,000,000",Other,1,0,1,0,0,8/9/23,Sep-Oct,6/7/23,0,137,24,2,0.1,27
The Marvels,"$84,500,223","$46,110,859","$220,000,000",Action,0,1,0,1,0,10/11/23,Nov-Dec,21/7/23,0,880,1935,5,-0.03,72
Meg 2: The Trench,"$82,600,317","$30,002,735","$129,000,000",Action,1,1,0,1,0,4/8/23,May-Aug,9/5/23,0,158,777,5,-0.3,20
Insidious: The Red Door,"$82,156,962","$33,013,036","$16,000,000",Other,1,0,0,1,1,7/7/23,May-Aug,19/4/23,0,240,1117,3,-0.17,16
Blue Beetle,"$72,488,072","$25,030,225","$104,000,000",Action,1,1,0,0,0,18/8/23,May-Aug,3/4/23,0,711,2715,5,0.13,91
Killers of the Flower Moon,"$68,026,901","$23,253,655","$200,000,000",Drama,0,1,1,1,1,20/10/23,Sep-Oct,13/9/23,0,359,853,10,0.2,69
Haunted Mansion,"$67,653,287","$24,082,475","$150,000,000",Other,0,0,0,1,0,28/7/23,May-Aug,16/5/23,0,407,831,12,-0.1,13
Evil Dead Rise,"$67,233,054","$24,504,315","$12,000,000",Other,1,0,1,0,0,21/4/23,Jan-Apr,25/3/23,0,308,558,3,0.07,49
The Exorcist: Believer,"$65,537,395","$26,497,600","$30,000,000",Other,1,1,1,0,0,6/10/23,Sep-Oct,25/7/23,0,437,382,7,-0.45,65
PAW Patrol: The Mighty Movie,"$65,231,360","$22,764,354","$40,387,500",Action,1,0,0,1,0,29/9/23,Sep-Oct,12/6/23,0,62,43,3,0.17,17
Cocaine Bear,"$64,670,240","$23,260,790","$35,000,000",Comedy,0,0,1,1,1,24/2/23,Jan-Apr,30/10/22,0,197,1635,7,0,56.5
Wish,"$63,973,821","$19,698,228","$200,000,000",Action,1,0,0,1,0,22/11/23,Nov-Dec,27/9/23,0,403,2794,4,0.43,40
Napoleon,"$61,524,375","$20,638,887","$200,000,000",Drama,0,0,1,1,1,22/11/23,Nov-Dec,10/7/23,0,671,1852,15,-0.11,39
The Color Purple,"$60,619,191","$11,737,072","$100,000,000",Drama,0,1,0,0,0,25/12/23,Nov-Dec,22/5/23,1,635,222,6,0.21,24
Shazam! Fury of the Gods,"$57,638,006","$30,111,158","$125,000,000",Action,1,1,0,1,0,17/3/23,Jan-Apr,23/7/22,0,486,2997,7,0.07,44
Saw X,"$53,607,898","$18,309,301","$13,000,000",Other,1,0,1,1,0,29/9/23,Sep-Oct,30/7/23,0,517,623,5,0.24,18
The Boys in the Boat,"$52,641,306","$8,400,548","$40,000,000",Drama,0,1,0,1,1,25/12/23,Nov-Dec,18/10/23,0,101,148,2,-0.1,20.5
Air,"$52,460,106","$14,456,279","$90,000,000",Drama,0,0,1,1,1,5/4/23,Jan-Apr,9/2/23,0,130,513,1,0.2,21.5
Jesus Revolution,"$52,102,987","$15,882,067","$15,000,000",Drama,0,1,0,1,0,24/2/23,Jan-Apr,21/10/22,0,35,4,1,0.08,18.5
No Hard Feelings,"$50,452,282","$15,002,770","$45,000,000",Comedy,0,0,1,1,0,23/6/23,May-Aug,9/3/23,0,97,2095,6,0.13,55
Talk to Me,"$48,299,436","$10,431,720","$4,500,000",Other,0,0,1,0,0,28/7/23,May-Aug,11/4/23,0,126,662,4,0.37,21.5
The Boy and the Heron,"$46,830,188","$13,011,722","$100,000,000",Drama,0,0,0,0,0,8/12/23,Nov-Dec,2/11/23,1,281,1007,8,0.83,17
Gran Turismo,"$44,428,554","$17,410,552","$60,000,000",Action,0,1,0,1,0,25/8/23,May-Aug,2/5/23,0,175,1237,8,0.3,50.5
The Boogeyman,"$43,244,282","$12,356,486","$35,000,000",Other,1,1,0,1,0,2/6/23,May-Aug,17/4/23,0,294,759,6,0.11,10
A Haunting in Venice,"$42,471,412","$14,279,529","$60,000,000",Other,0,1,0,1,1,15/9/23,Sep-Oct,19/7/23,0,328,1590,6,0.33,19
The Creator,"$40,774,679","$14,079,512","$80,000,000",Action,0,0,0,1,1,29/9/23,Sep-Oct,17/7/23,0,252,3553,15,0.2,22
80 for Brady,"$39,330,588","$12,701,640","$28,000,000",Comedy,0,0,0,1,0,3/2/23,Jan-Apr,17/11/22,0,277,94,2,0.07,79
Knock at the Cabin,"$35,397,980","$14,127,170","$20,000,000",Other,0,1,1,1,1,3/2/23,Jan-Apr,22/9/22,1,346,3730,7,0.4,20
The Iron Claw,"$35,070,296","$4,868,370","$15,000,000",Drama,0,0,1,1,0,22/12/23,Nov-Dec,11/10/23,1,278,1480,5,0.32,42
Poor Things,"$34,553,225","$1,282,208","$35,000,000",Drama,0,1,1,1,1,8/12/23,Nov-Dec,8/6/23,1,146,2481,16,0.36,42.5
Renaissance: A Film by Beyoncé,"$33,889,684","$21,801,216",,Other,0,0,0,1,1,1/12/23,Nov-Dec,23/11/23,0,57,10,1,0.14,0
Missing,"$32,502,025","$9,154,695","$7,000,000",Drama,0,0,0,0,0,20/1/23,Jan-Apr,16/11/22,0,149,1059,9,0.58,12.5
Plane,"$32,111,181","$10,265,326","$25,000,000",Action,0,0,1,1,0,13/1/23,Jan-Apr,26/10/22,0,124,210,3,0.41,11
65,"$32,062,904","$12,328,361","$45,000,000",Action,0,0,0,1,0,10/3/23,Jan-Apr,14/12/22,0,232,165,2,0.93,14.5
Thanksgiving,"$31,908,884","$10,306,272","$15,000,000",Other,0,0,1,1,0,17/11/23,Nov-Dec,4/10/23,1,519,178,2,0.54,19
My Big Fat Greek Wedding 3,"$28,496,030","$10,028,675","$18,000,000",Comedy,1,0,0,1,1,8/9/23,Sep-Oct,11/5/23,0,665,57,1,-0.24,29
Asteroid City,"$28,153,025","$9,053,551","$25,000,000",Comedy,0,0,0,1,1,16/6/23,May-Aug,29/3/23,1,413,4625,6,0.64,21
Magic Mike's Last Dance,"$26,005,156","$8,305,317","$40,000,000",Drama,0,0,1,1,0,10/2/23,Jan-Apr,15/11/22,0,124,121,1,-0.42,26
Strays,"$23,988,885","$8,247,810","$46,000,000",Comedy,0,0,1,1,0,18/8/23,May-Aug,8/2/23,0,129,748,8,-0.18,36
American Fiction,"$21,098,470","$429,182","$10,000,000",Drama,0,1,1,1,1,15/12/23,Nov-Dec,16/10/23,0,294,111,3,0.5,5
Priscilla,"$20,960,939","$5,040,003","$20,000,000",Drama,0,1,1,1,1,27/10/23,Sep-Oct,3/10/23,0,104,5,1,0.27,9
"Are You There God? It's Me, Margaret.","$20,372,406","$6,739,037","$30,000,000",Comedy,0,1,0,1,0,28/4/23,Jan-Apr,12/1/23,0,114,95,2,0.45,11
The Holdovers,"$20,355,375","$4,295,345","$13,000,000",Drama,0,0,1,1,0,10/11/23,Nov-Dec,17/7/23,0,260,279,5,0.35,14
The Pope's Exorcist,"$20,009,380","$9,006,368","$18,000,000",Other,0,0,1,1,0,14/4/23,Jan-Apr,22/2/23,0,42,7,1,0.4,25
Ferrari,"$18,550,028","$3,921,773","$110,000,000",Drama,0,1,1,1,1,25/12/23,Nov-Dec,18/10/23,0,142,231,4,0.13,11
The Blackening,"$17,707,207","$6,013,131","$5,000,000",Comedy,0,0,1,0,0,16/6/23,May-Aug,1/3/23,0,112,6662,4,0.5,26
Book Club: The Next Chapter,"$17,581,565","$6,677,580","$20,000,000",Comedy,1,0,0,1,0,12/5/23,May-Aug,12/4/23,0,118,5,1,-0.07,3
Renfield,"$17,297,895","$8,026,475","$65,000,000",Action,0,0,1,1,0,14/4/23,Jan-Apr,5/1/23,0,202,5319,7,0,49
The Blind,"$17,265,487","$4,341,725","$30,000,000",Drama,0,0,0,0,0,28/9/23,Sep-Oct,16/6/23,0,56,12,2,0.08,14.5
Guy Ritchie's the Covenant,"$16,938,039","$6,380,188","$55,000,000",Drama,0,0,1,1,1,21/4/23,Jan-Apr,2/2/23,0,149,1184,6,0.36,12
The Expendables 4,"$16,710,153","$8,039,021","$100,000,000",Action,1,0,1,1,0,22/9/23,Sep-Oct,7/6/23,0,150,573,5,0.13,45
Champions,"$16,397,335","$5,148,740","$4,500,000",Drama,0,1,0,1,0,10/3/23,Jan-Apr,5/12/22,0,113,1168,4,0.08,11.5
Ruby Gillman: Teenage Kraken,"$15,753,600","$5,500,990","$70,000,000",Action,1,0,0,1,0,30/6/23,May-Aug,16/3/23,0,119,1546,5,0,20.5
Dumb Money,"$13,925,356","$2,735,581","$30,000,000",Comedy,0,1,1,1,0,15/9/23,Sep-Oct,22/6/23,0,176,1723,8,0.47,8
The Last Voyage of the Demeter,"$13,637,180","$6,504,950","$45,000,000",Other,0,1,1,0,0,11/8/23,May-Aug,13/4/23,0,300,1128,7,-0.21,12
Joy Ride,"$12,897,789","$5,806,277","$32,000,000",Comedy,0,0,1,0,0,7/7/23,May-Aug,17/3/23,0,160,394,4,0.55,40.5
His Only Son,"$12,392,740","$5,501,070","$250,000",Drama,0,0,0,0,0,31/3/23,Jan-Apr,29/12/22,0,19,0,0,0.57,2.5
The Shift,"$12,118,219","$4,300,165","$6,400,000",Action,0,0,0,1,0,1/12/23,Nov-Dec,6/7/23,1,53,0,0,0,3.5
About My Father,"$12,089,391","$4,321,148","$29,100,000",Comedy,0,0,0,1,0,26/5/23,May-Aug,22/2/23,0,147,13,2,-0.1,5
Bottoms,"$12,036,071","$3,047,599","$11,300,000",Comedy,0,0,1,0,0,25/8/23,May-Aug,6/6/23,0,139,1522,4,0.78,10.5
After Death,"$11,478,326","$5,051,950","$1,500,000",Other,0,0,0,0,0,27/10/23,Sep-Oct,16/9/23,0,33,57,1,0.27,2
Saltburn,"$11,425,829","$2,845,394","$20,000,000",Drama,0,0,1,1,0,17/11/23,Nov-Dec,19/10/23,1,112,434,9,0.21,10
Past Lives,"$11,185,625","$521,714","$12,000,000",Drama,0,0,0,0,0,2/6/23,May-Aug,22/2/23,0,57,335,3,0.29,8.5
The Machine,"$10,458,331","$5,000,545","$20,000,000",Action,0,0,1,1,0,26/5/23,May-Aug,23/2/23,1,97,1543,3,0.14,15
House Party,"$9,002,247","$3,985,882",,Comedy,0,1,1,0,0,13/1/23,Jan-Apr,14/10/22,0,56,592,4,-0.09,8
Radical,"$8,702,731","$2,658,047","$10,000,000",Drama,0,0,0,0,0,3/11/23,Nov-Dec,15/7/23,0,49,16,1,0.3,7.5
The Zone of Interest,"$8,659,464","$1,018,069",na,Drama,0,1,0,0,0,8/12/23,Nov-Dec,17/10/23,1,84,275,4,0.47,7
Beau Is Afraid,"$8,176,562","$2,661,957","$35,000,000",Drama,0,0,1,1,1,14/4/23,Jan-Apr,10/1/23,1,223,3764,7,0.14,11.5
Silent Night,"$8,012,103","$3,010,207","$30,000,000",Action,0,0,1,1,0,1/12/23,Nov-Dec,3/10/23,0,145,460,3,0.5,4.5
The Hill,"$7,665,865","$2,301,931",,Drama,0,0,0,1,0,25/8/23,May-Aug,2/6/23,0,139,9,1,0.18,8
Sisu,"$7,265,622","$3,330,891","$6,000,000",Action,0,0,1,0,0,28/4/23,Jan-Apr,21/2/23,0,85,202,3,0.26,8.5
Retribution,"$6,937,696","$3,518,830","$20,000,000",Action,0,1,1,1,0,25/8/23,May-Aug,28/6/23,0,87,157,4,0,6.5
Journey to Bethlehem,"$6,820,796","$2,400,446","$6,000,000",Other,0,0,0,1,0,10/11/23,Nov-Dec,13/9/23,0,45,0,0,0,8.5
Next Goal Wins,"$6,713,826","$2,500,295","$14,000,000",Drama,0,0,0,1,1,17/11/23,Nov-Dec,26/4/23,0,210,283,5,0,8.5
Operation Fortune: Ruse de Guerre,"$6,496,125","$3,140,214","$50,000,000",Action,0,0,1,1,1,3/3/23,Jan-Apr,13/2/23,0,87,96,3,0,5
Love Again,"$6,230,837","$2,380,962","$9,000,000",Comedy,0,0,0,1,0,5/5/23,May-Aug,14/2/23,0,207,31,2,0.1,11.5
Dream Scenario,"$5,742,193","$742,939","$10,000,000",Comedy,0,0,1,1,0,10/11/23,Nov-Dec,19/9/23,1,130,298,5,-0.1,7
Nefarious,"$5,433,685","$1,316,266","$3,000,000",Other,0,1,1,0,0,14/4/23,Jan-Apr,14/3/23,0,37,32,2,-0.09,4
Big George Foreman,"$5,426,772","$2,925,364","$32,000,000",Drama,0,0,0,0,0,28/4/23,Jan-Apr,1/2/23,0,130,60,2,0,0
Waitress: The Musical,"$5,402,148","$2,847,421","$1,500,000",Other,0,1,0,0,0,7/12/23,Nov-Dec,19/10/23,0,29,0,0,0.48,5.5
Freelance,"$5,314,136","$2,086,000","$40,000,000",Comedy,0,0,1,1,0,27/10/23,Sep-Oct,21/8/23,0,64,538,7,0,3
Infinity Pool,"$5,078,400","$2,514,364","$4,500,000",Other,0,0,1,1,0,27/1/23,Jan-Apr,8/12/22,1,98,1575,7,0.11,5
Anatomy of a Fall,"$5,076,369","$634,377","$6,500,000",Drama,0,0,1,0,0,13/10/23,Sep-Oct,13/7/23,1,116,258,6,0.26,2.5
You Hurt My Feelings,"$4,830,788","$1,396,448",,Comedy,0,0,1,0,0,26/5/23,May-Aug,21/3/23,1,75,126,2,0.43,1
Kandahar,"$4,813,132","$2,325,388","$30,000,000",Action,0,0,1,1,0,26/5/23,May-Aug,4/4/23,0,73,63,2,-0.32,0
Golda,"$4,801,781","$1,695,959","$15,000,000",Drama,0,0,0,1,0,25/8/23,May-Aug,25/7/23,0,66,20,2,-0.25,3.5
Origin,"$4,689,830","$1,309,883","$38,000,000",Drama,0,0,0,1,0,8/12/23,Nov-Dec,3/9/23,1,159,242,10,0.12,4
It Lives Inside,"$4,675,092","$2,607,665","$30,000,000",Other,0,0,0,0,0,22/9/23,Sep-Oct,26/4/23,0,78,33,4,-0.05,7
Hypnotic,"$4,500,169","$2,401,686","$70,000,000",Action,0,0,1,1,0,12/5/23,May-Aug,3/4/23,0,77,872,2,-0.26,2.5
Marlowe,"$4,350,243","$1,814,094","$20,000,000",Other,0,1,1,1,0,15/2/23,Jan-Apr,13/1/23,0,26,1220,2,-0.2,3
The Amazing Maurice,"$4,303,645","$1,463,195","$17,000,000",Action,0,1,0,1,0,22/1/23,Jan-Apr,13/12/22,0,12,0,0,0.4,3
Mummies,"$4,275,970","$422,183","$13,000,000",Action,0,0,0,0,0,24/2/23,Jan-Apr,15/2/23,0,10,0,0,0.5,0.5
All of Us Strangers,"$4,050,103","$430,344","$20,000,000",Drama,0,1,1,1,0,22/12/23,Nov-Dec,21/9/23,1,258,484,8,0.48,7
Theater Camp,"$4,009,945","$632,207","$5,000,000",Comedy,0,1,0,1,1,14/7/23,May-Aug,18/5/23,0,66,67,1,0.41,7
Left Behind: Rise of the Antichrist,"$3,649,422","$2,553,152","$3,500,000",Action,0,0,0,0,0,26/1/23,Jan-Apr,21/11/22,0,15,0,0,0.46,2
Chevalier,"$3,541,159","$1,521,288","$46,000,000",Drama,0,0,0,1,0,21/4/23,Jan-Apr,7/11/22,0,56,35,2,0.18,23
Mafia Mamma,"$3,496,761","$2,032,202","$41,000,000",Action,0,0,1,1,0,14/4/23,Jan-Apr,28/2/23,0,64,76,2,-0.25,7.5
A Thousand and One,"$3,400,020","$1,795,695",,Drama,0,0,1,0,0,31/3/23,Jan-Apr,23/2/23,0,68,30,2,0.15,0
What Happens Later,"$3,273,895","$1,522,750","$3,000,000",Comedy,0,0,1,1,1,3/11/23,Nov-Dec,30/8/23,0,186,304,4,0,3
Come Out in Jesus Name,"$2,500,574","$903,633","$500,000",Other,0,0,0,0,0,13/3/23,Jan-Apr,12/2/23,0,12,0,0,0.33,0
The Miracle Club,"$2,402,780","$664,607","$9,800,000",Comedy,0,0,0,1,0,14/7/23,May-Aug,22/5/23,0,54,10,2,0,7
A Good Person,"$2,210,465","$832,007",,Drama,0,0,1,1,1,24/3/23,Jan-Apr,15/12/22,1,178,178,3,-0.27,8
Moving On,"$2,136,832","$821,961",,Comedy,0,0,1,1,0,17/3/23,Jan-Apr,1/2/23,0,37,0,0,0,4
Fear,"$2,090,261","$1,227,545",,Other,0,0,1,0,0,27/1/23,Jan-Apr,22/11/22,1,79,122,5,-0.15,4
Skinamarink,"$2,052,272","$818,943","$15,000",Other,0,0,0,0,0,13/1/23,Jan-Apr,8/12/22,1,36,1325,20,0.06,13
Jules,"$1,924,922","$839,622",,Comedy,0,0,0,0,0,11/8/23,May-Aug,10/7/23,0,44,0,0,0.23,4
Somewhere in Queens,"$1,802,442","$671,280","$19,000,000",Comedy,0,0,1,1,0,21/4/23,Jan-Apr,27/2/23,0,42,0,0,0.2,2.5
The Marsh King's Daughter,"$1,792,905","$849,006",,Drama,0,1,1,1,0,3/11/23,Nov-Dec,23/8/23,1,65,79,3,0.17,3
Winnie-the-Pooh: Blood and Honey,"$1,750,639","$652,482","$100,000",Other,0,0,0,0,0,15/2/23,Jan-Apr,31/8/22,0,266,836,5,-0.53,43
The Retirement Plan,"$1,607,344","$757,293","$20,000,000",Comedy,0,0,0,1,0,15/9/23,Sep-Oct,12/7/23,1,43,47,3,0.2,4.5
Route 60: The Biblical Highway,"$1,606,339",na,,Other,0,0,0,0,0,18/9/23,Sep-Oct,26/7/23,0,12,0,0,0.3,0
Polite Society,"$1,595,585","$817,740",,Comedy,0,0,0,1,0,28/4/23,Jan-Apr,18/1/23,1,97,63,6,0.67,6.5
BlackBerry,"$1,476,597","$492,145","$5,000,000",Other,0,1,1,0,0,12/5/23,May-Aug,15/3/23,0,119,552,4,0.37,3
Dicks: The Musical,"$1,453,012","$201,951","$12,000,000",Other,0,1,1,1,0,6/10/23,Sep-Oct,3/8/23,0,120,59,4,0.27,2.5
Eileen,"$1,435,007","$596,280","$16,000,000",Drama,0,1,1,1,0,1/12/23,Nov-Dec,17/10/23,1,174,39,2,0.17,5
Maybe I Do,"$1,293,722","$546,060","$7,500,000",Comedy,0,0,0,1,0,27/1/23,Jan-Apr,19/12/22,0,89,0,0,-0.17,2.5
Camp Hideout,"$1,125,010","$489,439","$3,500,000",Comedy,0,0,0,1,0,15/9/23,Sep-Oct,1/8/23,0,23,0,0,0.16,2.5
Emily,"$1,097,067","$432,223","$7,600,000",Drama,0,0,1,1,1,10/1/23,Jan-Apr,11/8/22,0,82,32,1,0.4,0
Knights of the Zodiac,"$1,090,155","$557,533","$60,000,000",Action,0,1,0,1,0,12/5/23,May-Aug,24/3/23,0,117,471,4,0.07,6.5
Inside,"$918,415","$510,110",,Drama,0,0,1,1,0,17/3/23,Jan-Apr,17/11/22,1,132,779,10,0.16,6
Fool's Paradise,"$855,173","$464,259","$30,000,000",Comedy,0,0,1,1,1,12/5/23,May-Aug,11/4/23,0,60,1656,5,-0.06,3
The Royal Hotel,"$780,263","$331,010","$10,000,000",Other,0,0,1,1,0,6/10/23,Sep-Oct,7/9/23,1,80,15,1,0.34,0
The Devil Conspiracy,"$765,218","$439,759","$5,000,000",Other,0,0,1,0,0,13/1/23,Jan-Apr,22/11/22,0,29,0,0,-0.16,1.5
Sweetwater,"$541,633","$351,010","$8,000,000",Drama,0,0,0,1,0,29/7/23,May-Aug,17/2/23,0,60,0,0,0,13.5
I Can,"$233,110","$140,005","$100,000",Drama,0,0,0,0,0,22/9/23,Sep-Oct,3/5/23,0,9,0,0,0.6,2
On Fire,"$205,118","$134,825","$4,000,000",Drama,0,0,0,0,0,29/9/23,Sep-Oct,29/8/23,0,2,0,0,0,0
Unit 262,"$160,357","$73,234","$300,000",Action,0,0,0,0,0,5/12/23,Nov-Dec,15/6/23,1,0,0,0,0,0
The Kill Room,"$139,358","$82,891","$6,500,000",Comedy,0,0,1,1,0,29/9/23,Sep-Oct,3/8/23,0,66,746,3,0.23,3.5
Malibu Horror Story,"$118,281","$78,234","$1,000,000",Other,0,0,0,0,0,20/10/23,Sep-Oct,12/9/23,0,9,0,0,0.11,1
,,,,,,,,,,,,,,,,,,
,,,,,,,,,,,,,,,,,,
,,,,,,,,,,,,,,,,,,
,,,,,,,,,,,,,,,,,,
,,,,,,,,,,,,,,,,,,
,,,,,,,,,,,,,,,,,,